{
  "version": 2,
  "generated_at": "2026-04-06T08:02:20",
  "fund_code": "07G03",
  "year": 2026,
  "month": 4,
  "fund_config": {
    "format": "A",
    "target_return": 7.0,
    "philosophy": "성장 자산에 대한 적극적 배분을 통해 중장기 자본이득 극대화를 추구하고 있습니다.",
    "name": "07G03"
  },
  "context": {
    "bm": {
      "글로벌주식": {
        "return": 1.577580401286549,
        "level": 2361.533914,
        "prev": 2324.857419
      },
      "KOSPI": {
        "return": 3.6096783739496763,
        "level": 8194.9584,
        "prev": 7909.4526
      },
      "KOSPI_PRICE": {
        "return": 6.42934332978391,
        "level": 5377.3,
        "prev": 5052.46
      },
      "KOSPI200": {
        "return": 4.043913900510709,
        "level": 1221.8139,
        "prev": 1174.3252
      },
      "S&P500": {
        "return": 0.8297439542193308,
        "level": 6582.69,
        "prev": 6528.52
      },
      "미국성장주": {
        "return": 1.21308923608352,
        "level": 6929.23123576,
        "prev": 6846.1809515539
      },
      "미국가치주": {
        "return": 0.3977056757207942,
        "level": 4745.6094956773,
        "prev": 4726.8107012379
      },
      "Russell2000": {
        "return": 1.3581982506232437,
        "level": 3581.1311,
        "prev": 3533.144
      },
      "고배당": {
        "return": -0.3803310205457544,
        "level": 16614.5664,
        "prev": 16677.998
      },
      "미국외선진국": {
        "return": 2.4678032445278886,
        "level": 6494.448,
        "prev": 6338.0377
      },
      "신흥국주식": {
        "return": 2.6871825404315874,
        "level": 2850.6196,
        "prev": 2776.0228
      },
      "글로벌채권UH": {
        "return": 0.2583870323390691,
        "level": 497.194032,
        "prev": 495.912658
      },
      "글로벌채권H": {
        "return": 0.1282967177579808,
        "level": 608.275063,
        "prev": 607.495666
      },
      "글로벌채권HKRW": {
        "return": 0.1975619152282171,
        "level": 231.219,
        "prev": 230.7631
      },
      "매경채권국채3년": {
        "return": 0.28114826871854515,
        "level": 203.31,
        "prev": 202.74
      },
      "KRX10년채권": {
        "return": 0.7094030230571757,
        "level": 15987.94,
        "prev": 15875.32
      },
      "KAP종합채권": {
        "return": 0.4975153679095845,
        "level": 273.0216,
        "prev": 271.67
      },
      "미국종합채권": {
        "return": 0.004290880047763679,
        "level": 2347.847562,
        "prev": 2347.746823
      },
      "미국IG": {
        "return": 0.3680705283011676,
        "level": 342.726602720532,
        "prev": 341.469753195955
      },
      "미국HY": {
        "return": 0.38093309807623044,
        "level": 393.271931047611,
        "prev": 391.779513210311
      },
      "신흥국채권": {
        "return": 0.5742651064736926,
        "level": 679.351,
        "prev": 675.472
      },
      "Gold": {
        "return": 1.6172660857938226,
        "level": 4620.72,
        "prev": 4547.18
      },
      "WTI": {
        "return": 10.021700532649458,
        "level": 111.54,
        "prev": 101.38
      },
      "미국리츠": {
        "return": 1.6275512107757129,
        "level": 1361.86,
        "prev": 1340.05
      },
      "원자재종합": {
        "return": 0.839530262486865,
        "level": 3435.4231,
        "prev": 3406.8218
      },
      "DXY": {
        "return": 0.06702614019469255,
        "level": 100.028,
        "prev": 99.961
      },
      "EMCI": {
        "return": null
      },
      "EURUSD": {
        "return": 0.4625185443756008,
        "level": 1.1512,
        "prev": 1.1459
      },
      "JPYUSD": {
        "return": 0.03194888178914557,
        "level": 0.006262,
        "prev": 0.00626
      },
      "GBPUSD": {
        "return": -0.09849231002349024,
        "level": 1.3186,
        "prev": 1.3199
      },
      "CADUSD": {
        "return": 0.09760178471835967,
        "level": 0.7179,
        "prev": 0.7172
      },
      "AUDUSD": {
        "return": 0.1751569113997986,
        "level": 0.6863,
        "prev": 0.6851
      },
      "USDKRW": {
        "return": -0.7671465413116585,
        "level": 1519.9,
        "prev": 1531.65
      }
    },
    "pa": {
      "해외주식": 0.92,
      "보수비용": -0.0,
      "국내채권": 1.2,
      "기타": 0.0,
      "유동성": -0.0,
      "국내주식": 1.1
    },
    "pa_items": [
      {
        "asset_class": "국내주식",
        "item_name": "ACE 200",
        "item_cd": "KR7105190003",
        "contrib_pct": 1.0955,
        "weight_pct": 3.8,
        "item_return_pct": 27.89
      },
      {
        "asset_class": "국내채권",
        "item_name": "TIGER 국고채30년스트립액티브",
        "item_cd": "KR7451530000",
        "contrib_pct": 0.7659,
        "weight_pct": 4.19,
        "item_return_pct": 17.71
      },
      {
        "asset_class": "해외주식",
        "item_name": "ACE 미국대형성장주액티브",
        "item_cd": "KR70127P0003",
        "contrib_pct": 0.3404,
        "weight_pct": 2.13,
        "item_return_pct": 15.49
      },
      {
        "asset_class": "국내채권",
        "item_name": "RISE KIS국고채30년Enhanced",
        "item_cd": "KR7385560008",
        "contrib_pct": 0.3003,
        "weight_pct": 1.92,
        "item_return_pct": 15.11
      },
      {
        "asset_class": "해외주식",
        "item_name": "ACE 미국대형가치주액티브",
        "item_cd": "KR70127M0006",
        "contrib_pct": 0.2604,
        "weight_pct": 2.88,
        "item_return_pct": 8.77
      },
      {
        "asset_class": "해외주식",
        "item_name": "ACE 미국나스닥100",
        "item_cd": "KR7367380003",
        "contrib_pct": 0.1607,
        "weight_pct": 1.74,
        "item_return_pct": 8.97
      },
      {
        "asset_class": "국내채권",
        "item_name": "ACE 국고채10년",
        "item_cd": "KR7365780006",
        "contrib_pct": 0.1262,
        "weight_pct": 2.17,
        "item_return_pct": 5.63
      },
      {
        "asset_class": "해외주식",
        "item_name": "VANGUARD FTSE DEVELOPED ETF",
        "item_cd": "US9219438580",
        "contrib_pct": 0.1238,
        "weight_pct": 2.23,
        "item_return_pct": 5.38
      },
      {
        "asset_class": "해외주식",
        "item_name": "VANGUARD FTSE EMERGING MARKETS",
        "item_cd": "US9220428588",
        "contrib_pct": 0.0307,
        "weight_pct": 1.37,
        "item_return_pct": 2.17
      },
      {
        "asset_class": "국내채권",
        "item_name": "한국투자TMF28-12만기형증권투자신탁(채권)",
        "item_cd": "KRZ502649922",
        "contrib_pct": 0.0068,
        "weight_pct": 1.07,
        "item_return_pct": 0.62
      },
      {
        "asset_class": "국내채권",
        "item_name": "한국투자TMF26-12만기형증권투자신탁(채권)",
        "item_cd": "KRZ502649912",
        "contrib_pct": 0.002,
        "weight_pct": 1.08,
        "item_return_pct": 0.17
      },
      {
        "asset_class": "기타",
        "item_name": null,
        "item_cd": "000000000000",
        "contrib_pct": 0.0,
        "weight_pct": 0.0,
        "item_return_pct": 0.0
      }
    ],
    "fund_ret": {
      "return": 3.212495941583393,
      "prev_stpr": 1421.40385922646,
      "cur_stpr": 1467.06640051762,
      "aum": 84692302923.0
    },
    "holdings": {
      "국내채권": 46.02020999999999,
      "국내주식": 17.00114,
      "해외주식": 37.649150000000006,
      "유동성": 0.70651
    },
    "digest": null,
    "next_digest": null,
    "factor_data": {
      "국내주식": {
        "contrib": 1.1,
        "weight": 17.00114,
        "items": [
          {
            "text": "외국인 순매도 35.9조 원(23.5억 달러) → KOSPI 월간 낙폭 심화. 글로벌 불확실성 속 외국인의 대규모 자금 이탈이 국내주식 약세의 주요 원인",
            "score": 9,
            "starred": "추천",
            "source": "종합",
            "recommended": true
          },
          {
            "text": "분기말 마지막 거래일 KOSPI 4% 이상 급락 → 월간 누적 낙폭 확대. 2026년 최고 성과 시장에서 최악의 월간 실적 기록",
            "score": 8,
            "starred": "추천",
            "source": "종합",
            "recommended": true
          },
          {
            "text": "2008년 이후 최대 규모 주식 매도세 → KOSPI 역사적 낙폭 우려. 통화 약세와 함께 한국 증시에 대한 신뢰도 급락 반영",
            "score": 7,
            "starred": "보조",