{
  "version": 2,
  "generated_at": "2026-04-06T08:02:20",
  "fund_code": "2JM23",
  "year": 2026,
  "month": 4,
  "fund_config": {
    "format": "D",
    "target_return": null,
    "philosophy": null,
    "name": "2JM23"
  },
  "context": {
    "bm": {
      "글로벌주식": {
        "return": 1.577580401286549,
        "level": 2361.533914,
        "prev": 2324.857419
      },
      "KOSPI": {
        "return": 3.6096783739496763,
        "level": 8194.9584,
        "prev": 7909.4526
      },
      "KOSPI_PRICE": {
        "return": 6.42934332978391,
        "level": 5377.3,
        "prev": 5052.46
      },
      "KOSPI200": {
        "return": 4.043913900510709,
        "level": 1221.8139,
        "prev": 1174.3252
      },
      "S&P500": {
        "return": 0.8297439542193308,
        "level": 6582.69,
        "prev": 6528.52
      },
      "미국성장주": {
        "return": 1.21308923608352,
        "level": 6929.23123576,
        "prev": 6846.1809515539
      },
      "미국가치주": {
        "return": 0.3977056757207942,
        "level": 4745.6094956773,
        "prev": 4726.8107012379
      },
      "Russell2000": {
        "return": 1.3581982506232437,
        "level": 3581.1311,
        "prev": 3533.144
      },
      "고배당": {
        "return": -0.3803310205457544,
        "level": 16614.5664,
        "prev": 16677.998
      },
      "미국외선진국": {
        "return": 2.4678032445278886,
        "level": 6494.448,
        "prev": 6338.0377
      },
      "신흥국주식": {
        "return": 2.6871825404315874,
        "level": 2850.6196,
        "prev": 2776.0228
      },
      "글로벌채권UH": {
        "return": 0.2583870323390691,
        "level": 497.194032,
        "prev": 495.912658
      },
      "글로벌채권H": {
        "return": 0.1282967177579808,
        "level": 608.275063,
        "prev": 607.495666
      },
      "글로벌채권HKRW": {
        "return": 0.1975619152282171,
        "level": 231.219,
        "prev": 230.7631
      },
      "매경채권국채3년": {
        "return": 0.28114826871854515,
        "level": 203.31,
        "prev": 202.74
      },
      "KRX10년채권": {
        "return": 0.7094030230571757,
        "level": 15987.94,
        "prev": 15875.32
      },
      "KAP종합채권": {
        "return": 0.4975153679095845,
        "level": 273.0216,
        "prev": 271.67
      },
      "미국종합채권": {
        "return": 0.004290880047763679,
        "level": 2347.847562,
        "prev": 2347.746823
      },
      "미국IG": {
        "return": 0.3680705283011676,
        "level": 342.726602720532,
        "prev": 341.469753195955
      },
      "미국HY": {
        "return": 0.38093309807623044,
        "level": 393.271931047611,
        "prev": 391.779513210311
      },
      "신흥국채권": {
        "return": 0.5742651064736926,
        "level": 679.351,
        "prev": 675.472
      },
      "Gold": {
        "return": 1.6172660857938226,
        "level": 4620.72,
        "prev": 4547.18
      },
      "WTI": {
        "return": 10.021700532649458,
        "level": 111.54,
        "prev": 101.38
      },
      "미국리츠": {
        "return": 1.6275512107757129,
        "level": 1361.86,
        "prev": 1340.05
      },
      "원자재종합": {
        "return": 0.839530262486865,
        "level": 3435.4231,
        "prev": 3406.8218
      },
      "DXY": {
        "return": 0.06702614019469255,
        "level": 100.028,
        "prev": 99.961
      },
      "EMCI": {
        "return": null
      },
      "EURUSD": {
        "return": 0.4625185443756008,
        "level": 1.1512,
        "prev": 1.1459
      },
      "JPYUSD": {
        "return": 0.03194888178914557,
        "level": 0.006262,
        "prev": 0.00626
      },
      "GBPUSD": {
        "return": -0.09849231002349024,
        "level": 1.3186,
        "prev": 1.3199
      },
      "CADUSD": {
        "return": 0.09760178471835967,
        "level": 0.7179,
        "prev": 0.7172
      },
      "AUDUSD": {
        "return": 0.1751569113997986,
        "level": 0.6863,
        "prev": 0.6851
      },
      "USDKRW": {
        "return": -0.7671465413116585,
        "level": 1519.9,
        "prev": 1531.65
      }
    },
    "pa": {
      "보수비용": -0.01,
      "유동성": 0.0,
      "국내주식": 1.15,
      "해외주식": 1.71,
      "국내채권": 0.28,
      "대체": 0.42
    },
    "pa_items": [
      {
        "asset_class": "국내주식",
        "item_name": "ACE 200",
        "item_cd": "KR7105190003",
        "contrib_pct": 1.1547,
        "weight_pct": 3.91,
        "item_return_pct": 28.5
      },
      {
        "asset_class": "해외주식",
        "item_name": "State Street SPDR Portfolio S&P 500 Grow",
        "item_cd": "US78464A4094",
        "contrib_pct": 1.0684,
        "weight_pct": 8.4,
        "item_return_pct": 12.28
      },
      {
        "asset_class": "해외주식",
        "item_name": "ACE 미국나스닥100",
        "item_cd": "KR7367380003",
        "contrib_pct": 0.6414,
        "weight_pct": 6.91,
        "item_return_pct": 8.97
      },
      {
        "asset_class": "대체",
        "item_name": "ISHARES GOLD TRUST MICRO",
        "item_cd": "US46436F1030",
        "contrib_pct": 0.4158,
        "weight_pct": 4.94,
        "item_return_pct": 8.14
      },
      {
        "asset_class": "국내채권",
        "item_name": "ACE 국고채10년",
        "item_cd": "KR7365780006",
        "contrib_pct": 0.283,
        "weight_pct": 4.85,
        "item_return_pct": 5.63
      }
    ],
    "fund_ret": {
      "return": 3.55399783444843,
      "prev_stpr": 2093.13631949033,
      "cur_stpr": 2167.52633895707,
      "aum": 18905002411.0
    },
    "holdings": {
      "해외주식": 49.018159999999995,
      "국내채권": 21.35216,
      "국내주식": 17.2487,
      "원자재": 10.81255,
      "유동성": 1.5626200000000001,
      "기타": 0.10871
    },
    "digest": null,
    "next_digest": null,
    "factor_data": {
      "국내주식": {
        "contrib": 1.15,
        "weight": 17.2487,
        "items": [
          {
            "text": "외국인 순매도 35.9조 원(235억 달러) → KOSPI 월간 최악 낙폭 발생. 2008년 이후 최대 규모 외국인 자금 이탈로 인한 시장 약세",
            "score": 9,
            "starred": "추천",
            "source": "종합",
            "recommended": true
          },
          {
            "text": "분기말 마지막 거래일 KOSPI 4% 이상 급락 → 2026년 최고 성과 시장에서 3월 최악 월간 실적으로 전환. 분기말 포지션 정리 및 글로벌 악재 영향",
            "score": 8,
            "starred": "추천",
            "source": "종합",
            "recommended": true
          },
          {
            "text": "2008년 이후 최대 규모 주식시장 매도세 → KOSPI 3.6% 월간 상승에도 불구하고 변동성 확대 및 시장 심리 악화",
            "score": 6,
            "starred": "보조",
            "source": "종합",
            "recommended": true
          }
        ],
        "has_source": true
      },
      "해외주식": {
        "contrib": 1.71,
        "weight": 49.018159999999995,
        "items": [
          {
            "text": "미국 주식시장의 강세 랠리 → S&P 500과 나스닥이 5월 이후 최대 낙폭에서 반등하며 해외주식 +1.71% 상승 주도",
            "score": 9,
            "starred": "추천",
            "source": "종합",
            "recommended": true
          },
          {
            "text": "반도체주의 초강세 → S&P 500이 지난달 -5% 하락했음에도 특정 반도체 종목이 낙폭을 상쇄하며 포트폴리오 수익률 견인",
            "score": 8,
            "starred": "추천",
            "source": "종합",
            "recommended": true
          },
          {
            "text": "이란 전쟁 우려 완화 → 지정학적 리스크 감소로 다우지수 1,100포인트 상승 등 미국 주식의 광범위한 상승 견인",
            "score": 7,
            "starred": "보조",
            "source": "종합",
            "recommended": true
          }
        ],
        "has_source": true
      },
      "국내채권": {
        "contrib": 0.28,
        "weight": 21.35216,
        "items": [
          {
            "text": "국내 금리 안정 → 국내채권지수 +0.28% 기록. 매경채본국채3년이 +0.3% 상승하며 안정적인 금리 환경이 채권 수익률 상승을 견인했습니다.",
            "score": 9,
            "starred": "추천",
            "source": "종합",
            "recommended": true
          },
          {
            "text": "달러 약세 심화 → 환율 하락(USDKRW -0.8%)으로 원화 강세 지속. 이는 국내 채권의 상대적 가치 상승에 긍정적 영향을 미쳤습니다.",
            "score": 7,
            "starred": "보조",
            "source": "종합",