{
  "version": 2,
  "generated_at": "2026-04-06T08:02:20",
  "fund_code": "4JM12",
  "year": 2026,
  "month": 4,
  "fund_config": {
    "format": "D",
    "target_return": null,
    "philosophy": null,
    "name": "4JM12"
  },
  "context": {
    "bm": {
      "글로벌주식": {
        "return": 1.577580401286549,
        "level": 2361.533914,
        "prev": 2324.857419
      },
      "KOSPI": {
        "return": 3.6096783739496763,
        "level": 8194.9584,
        "prev": 7909.4526
      },
      "KOSPI_PRICE": {
        "return": 6.42934332978391,
        "level": 5377.3,
        "prev": 5052.46
      },
      "KOSPI200": {
        "return": 4.043913900510709,
        "level": 1221.8139,
        "prev": 1174.3252
      },
      "S&P500": {
        "return": 0.8297439542193308,
        "level": 6582.69,
        "prev": 6528.52
      },
      "미국성장주": {
        "return": 1.21308923608352,
        "level": 6929.23123576,
        "prev": 6846.1809515539
      },
      "미국가치주": {
        "return": 0.3977056757207942,
        "level": 4745.6094956773,
        "prev": 4726.8107012379
      },
      "Russell2000": {
        "return": 1.3581982506232437,
        "level": 3581.1311,
        "prev": 3533.144
      },
      "고배당": {
        "return": -0.3803310205457544,
        "level": 16614.5664,
        "prev": 16677.998
      },
      "미국외선진국": {
        "return": 2.4678032445278886,
        "level": 6494.448,
        "prev": 6338.0377
      },
      "신흥국주식": {
        "return": 2.6871825404315874,
        "level": 2850.6196,
        "prev": 2776.0228
      },
      "글로벌채권UH": {
        "return": 0.2583870323390691,
        "level": 497.194032,
        "prev": 495.912658
      },
      "글로벌채권H": {
        "return": 0.1282967177579808,
        "level": 608.275063,
        "prev": 607.495666
      },
      "글로벌채권HKRW": {
        "return": 0.1975619152282171,
        "level": 231.219,
        "prev": 230.7631
      },
      "매경채권국채3년": {
        "return": 0.28114826871854515,
        "level": 203.31,
        "prev": 202.74
      },
      "KRX10년채권": {
        "return": 0.7094030230571757,
        "level": 15987.94,
        "prev": 15875.32
      },
      "KAP종합채권": {
        "return": 0.4975153679095845,
        "level": 273.0216,
        "prev": 271.67
      },
      "미국종합채권": {
        "return": 0.004290880047763679,
        "level": 2347.847562,
        "prev": 2347.746823
      },
      "미국IG": {
        "return": 0.3680705283011676,
        "level": 342.726602720532,
        "prev": 341.469753195955
      },
      "미국HY": {
        "return": 0.38093309807623044,
        "level": 393.271931047611,
        "prev": 391.779513210311
      },
      "신흥국채권": {
        "return": 0.5742651064736926,
        "level": 679.351,
        "prev": 675.472
      },
      "Gold": {
        "return": 1.6172660857938226,
        "level": 4620.72,
        "prev": 4547.18
      },
      "WTI": {
        "return": 10.021700532649458,
        "level": 111.54,
        "prev": 101.38
      },
      "미국리츠": {
        "return": 1.6275512107757129,
        "level": 1361.86,
        "prev": 1340.05
      },
      "원자재종합": {
        "return": 0.839530262486865,
        "level": 3435.4231,
        "prev": 3406.8218
      },
      "DXY": {
        "return": 0.06702614019469255,
        "level": 100.028,
        "prev": 99.961
      },
      "EMCI": {
        "return": null
      },
      "EURUSD": {
        "return": 0.4625185443756008,
        "level": 1.1512,
        "prev": 1.1459
      },
      "JPYUSD": {
        "return": 0.03194888178914557,
        "level": 0.006262,
        "prev": 0.00626
      },
      "GBPUSD": {
        "return": -0.09849231002349024,
        "level": 1.3186,
        "prev": 1.3199
      },
      "CADUSD": {
        "return": 0.09760178471835967,
        "level": 0.7179,
        "prev": 0.7172
      },
      "AUDUSD": {
        "return": 0.1751569113997986,
        "level": 0.6863,
        "prev": 0.6851
      },
      "USDKRW": {
        "return": -0.7671465413116585,
        "level": 1519.9,
        "prev": 1531.65
      }
    },
    "pa": {
      "보수비용": -0.01,
      "국내채권": 0.65,
      "유동성": -0.0,
      "국내주식": 0.7,
      "해외주식": 0.51,
      "기타": 0.75,
      "대체": 0.71
    },
    "pa_items": [
      {
        "asset_class": "FX/파생",
        "item_name": "미국달러 F 202604",
        "item_cd": "KR4A75640008",
        "contrib_pct": 0.7518,
        "weight_pct": 9.91,
        "item_return_pct": 7.37
      },
      {
        "asset_class": "대체",
        "item_name": "VANECK VECTORS GOLD MINERS ETF",
        "item_cd": "US92189F1066",
        "contrib_pct": 0.7133,
        "weight_pct": 4.02,
        "item_return_pct": 17.19
      },
      {
        "asset_class": "국내주식",
        "item_name": "ACE 200",
        "item_cd": "KR7105190003",
        "contrib_pct": 0.6971,
        "weight_pct": 2.38,
        "item_return_pct": 28.5
      },
      {
        "asset_class": "국내채권",
        "item_name": "ACE 국고채10년",
        "item_cd": "KR7365780006",
        "contrib_pct": 0.4986,
        "weight_pct": 10.31,
        "item_return_pct": 4.7
      },
      {
        "asset_class": "해외주식",
        "item_name": "State Street SPDR Portfolio S&P 500 Grow",
        "item_cd": "US78464A4094",
        "contrib_pct": 0.2411,
        "weight_pct": 2.9,
        "item_return_pct": 8.07
      },
      {
        "asset_class": "국내채권",
        "item_name": "TIGER 국고채30년스트립액티브",
        "item_cd": "KR7451530000",
        "contrib_pct": 0.1445,
        "weight_pct": 0.79,
        "item_return_pct": 17.71
      },
      {
        "asset_class": "해외주식",
        "item_name": "ACE 미국나스닥100",
        "item_cd": "KR7367380003",
        "contrib_pct": 0.1156,
        "weight_pct": 1.25,
        "item_return_pct": 8.97
      },
      {
        "asset_class": "해외주식",
        "item_name": "VANGUARD FTSE DEVELOPED ETF",
        "item_cd": "US9219438580",
        "contrib_pct": 0.0674,
        "weight_pct": 1.21,
        "item_return_pct": 5.38
      },
      {
        "asset_class": "해외주식",
        "item_name": "VANGUARD FTSE EMERGING MARKETS",
        "item_cd": "US9220428588",
        "contrib_pct": 0.0588,
        "weight_pct": 2.64,
        "item_return_pct": 2.17
      },
      {
        "asset_class": "해외주식",
        "item_name": "VANGUARD VALUE ETF",
        "item_cd": "US9229087443",
        "contrib_pct": 0.0235,
        "weight_pct": 2.94,
        "item_return_pct": 0.77
      },
      {
        "asset_class": "국내채권",
        "item_name": "한국투자TMF28-12만기형증권투자신탁(채권)",
        "item_cd": "KRZ502649922",
        "contrib_pct": 0.0102,
        "weight_pct": 1.59,
        "item_return_pct": 0.62
      }
    ],
    "fund_ret": {
      "return": 3.3138267793645593,
      "prev_stpr": 2487.32681547904,
      "cur_stpr": 2569.7525175807,
      "aum": 21316219636.0
    },
    "holdings": {
      "해외주식": 70.60020999999999,
      "국내채권": 48.264579999999995,
      "국내주식": 10.48196,
      "원자재": 8.86674,
      "유동성": 5.9974,
      "기타": 0.32352
    },
    "digest": null,
    "next_digest": null,
    "factor_data": {
      "국내주식": {
        "contrib": 0.7,
        "weight": 10.48196,
        "items": [
          {
            "text": "외국인 순매도 35.9조 원(234억 달러) → KOSPI 월간 최악의 낙폭 기록. 2008년 이후 최대 규모 외국인 자금 이탈로 인한 주가 급락",
            "score": 9,
            "starred": "추천",
            "source": "종합",
            "recommended": true
          },
          {
            "text": "분기 마지막 거래일 KOSPI 4% 이상 급락 → 연중 최고 성과 지수가 3월 최악 성과로 반전. 분기말 리밸런싱 및 차입금 청산 등으로 인한 낙폭 심화",
            "score": 8,
            "starred": "추천",
            "source": "종합",
            "recommended": true
          },
          {
            "text": "2008년 이후 최대 주가 낙폭 발생 → 시장 심리 악화로 국내주식 수익성 저하. 글로벌 리스크 확산에 따른 광범위한 매도세 지속",
            "score": 7,
            "starred": "보조",
            "source": "종합",
            "recommended": true
          }
        ],
        "has_source": true
      },
      "해외주식": {
        "contrib": 0.51,